experiment,model,feature_count,f1_mean,f1_std,balanced_acc_mean,balanced_acc_std,roc_auc_mean,roc_auc_std
Exp_A_Raw,baseline,7,0.1721,0.0001,0.3333,0.0,0.5,0.0
Exp_A_Raw,logistic,7,0.4733,0.0095,0.4905,0.0105,0.6845,0.0055
Exp_A_Raw,random_forest,7,0.4937,0.0053,0.5031,0.0054,0.6916,0.0054
Exp_A_Raw,xgboost,7,0.4898,0.0067,0.4989,0.0078,0.6886,0.0066
Exp_B_Engineered,baseline,12,0.1721,0.0001,0.3333,0.0,0.5,0.0
Exp_B_Engineered,logistic,12,0.479,0.0094,0.4942,0.0103,0.6846,0.0057
Exp_B_Engineered,random_forest,12,0.4952,0.0078,0.5026,0.0083,0.691,0.0056
Exp_B_Engineered,xgboost,12,0.4906,0.0064,0.4992,0.0069,0.6871,0.0059
Exp_C_Interactions,baseline,15,0.1721,0.0001,0.3333,0.0,0.5,0.0
Exp_C_Interactions,logistic,15,0.4867,0.0101,0.4963,0.0104,0.6863,0.0059
Exp_C_Interactions,random_forest,15,0.4964,0.0075,0.503,0.0075,0.6908,0.0052
Exp_C_Interactions,xgboost,15,0.4906,0.0079,0.4994,0.0081,0.6882,0.005
Exp_D_Full_DLL,baseline,16,0.1721,0.0001,0.3333,0.0,0.5,0.0
Exp_D_Full_DLL,logistic,16,0.4868,0.0104,0.4965,0.0107,0.6863,0.0059
Exp_D_Full_DLL,random_forest,16,0.4929,0.0048,0.5,0.0051,0.6906,0.0044
Exp_D_Full_DLL,xgboost,16,0.4921,0.0064,0.5003,0.0068,0.6888,0.0048
