experiment,model,feature_count,mae_mean,mae_std,rmse_mean,rmse_std,r2_mean,r2_std
Exp_A_Raw,baseline,7,7.4395,0.0444,9.2453,0.0802,-0.0007,0.0004
Exp_A_Raw,ridge,7,6.3692,0.075,8.0372,0.1149,0.2437,0.0135
Exp_A_Raw,random_forest,7,6.3665,0.0887,8.0394,0.1328,0.2433,0.0167
Exp_A_Raw,xgboost,7,6.3668,0.0859,8.0525,0.1312,0.2408,0.0172
Exp_B_Engineered,baseline,12,7.4395,0.0444,9.2453,0.0802,-0.0007,0.0004
Exp_B_Engineered,ridge,12,6.3644,0.0767,8.0341,0.1156,0.2443,0.0138
Exp_B_Engineered,random_forest,12,6.3713,0.0779,8.0447,0.1215,0.2423,0.0149
Exp_B_Engineered,xgboost,12,6.376,0.0789,8.0555,0.1252,0.2403,0.0159
Exp_C_Interactions,baseline,15,7.4395,0.0444,9.2453,0.0802,-0.0007,0.0004
Exp_C_Interactions,ridge,15,6.3534,0.0768,8.0252,0.1176,0.246,0.0147
Exp_C_Interactions,random_forest,15,6.3649,0.0752,8.0394,0.1196,0.2433,0.0145
Exp_C_Interactions,xgboost,15,6.3647,0.0791,8.0458,0.1231,0.2421,0.0153
Exp_D_Full_DLL,baseline,16,7.4395,0.0444,9.2453,0.0802,-0.0007,0.0004
Exp_D_Full_DLL,ridge,16,6.3534,0.0768,8.0252,0.1176,0.246,0.0147
Exp_D_Full_DLL,random_forest,16,6.3657,0.0741,8.0409,0.1195,0.243,0.0145
Exp_D_Full_DLL,xgboost,16,6.3675,0.0783,8.0504,0.1198,0.2412,0.0149
